FHR,Abnormal
144,No
147,No
164,Yes
167,Yes
167,Yes
109,Yes
121,No
136,No
170,Yes
112,No
158,No
165,Yes
139,No
146,No
137,No
125,No
177,Yes
172,Yes
109,Yes
120,No
169,Yes
179,Yes
147,No
164,Yes
149,No
129,No
119,No
119,No
114,No
139,No
132,No
165,Yes
109,Yes
157,No
132,No
131,No
174,Yes
123,No
135,No
175,Yes
155,No
128,No
134,No
100,Yes
100,Yes
136,No
153,No
105,Yes
138,No
117,No
179,Yes
104,Yes
142,No
158,No
131,No
101,Yes
165,Yes
141,No
157,No
135,No
111,No
146,No
100,Yes
114,No
153,No
112,No
142,No
175,Yes
168,Yes
106,Yes
168,Yes
147,No
103,Yes
176,Yes
152,No
178,Yes
115,No
120,No
158,No
123,No
179,Yes
113,No
148,No
149,No
169,Yes
141,No
135,No
164,Yes
169,Yes
100,Yes
150,No
136,No
134,No
148,No
103,Yes
142,No
177,Yes
121,No
173,Yes
100,Yes
110,No
143,No
158,No
123,No
159,No
102,Yes
162,Yes
135,No
167,Yes
146,No
120,No
150,No
127,No
114,No
141,No
158,No
165,Yes
136,No
110,No
143,No
111,No
102,Yes
151,No
132,No
154,No
100,Yes
138,No
119,No
146,No
142,No
156,No
160,No
177,Yes
130,No
124,No
102,Yes
103,Yes
113,No
140,No
172,Yes
119,No
172,Yes
126,No
166,Yes
152,No
167,Yes
161,Yes
114,No
104,Yes
167,Yes
111,No
177,Yes
175,Yes
156,No
116,No
124,No
129,No
121,No
125,No
160,No
161,Yes
133,No
132,No
170,Yes
131,No
113,No
171,Yes
156,No
124,No
179,Yes
141,No
118,No
140,No
154,No
179,Yes
111,No
138,No
101,Yes
144,No
124,No
167,Yes
103,Yes
176,Yes
135,No
161,Yes
169,Yes
143,No
132,No
111,No
110,No
154,No
137,No
128,No
102,Yes
127,No
123,No
153,No
151,No
146,No
120,No
153,No
129,No
167,Yes
135,No
139,No
109,Yes
173,Yes
141,No
123,No
103,Yes
146,No
150,No
103,Yes
131,No
109,Yes
110,No
127,No
145,No
171,Yes
139,No
161,Yes
144,No
134,No
134,No
133,No
105,Yes
136,No
100,Yes
175,Yes
134,No
169,Yes
153,No
162,Yes
108,Yes
161,Yes
101,Yes
135,No
140,No
136,No
148,No
125,No
167,Yes
135,No
130,No
129,No
133,No
118,No
117,No
102,Yes
169,Yes
112,No
144,No
166,Yes
139,No
139,No
175,Yes
122,No
130,No
117,No
170,Yes
171,Yes
118,No
143,No
149,No
141,No
146,No
121,No
173,Yes
173,Yes
128,No
158,No
100,Yes
163,Yes
116,No
136,No
124,No
163,Yes
167,Yes
151,No
108,Yes
156,No
132,No
119,No
172,Yes
171,Yes
113,No
158,No
155,No
164,Yes
175,Yes
136,No
125,No
132,No
142,No
114,No
128,No
120,No
168,Yes
122,No
107,Yes
172,Yes
161,Yes
113,No
105,Yes
100,Yes
108,Yes
179,Yes
179,Yes
153,No
111,No
104,Yes
139,No
145,No
126,No
174,Yes
152,No
149,No
151,No
118,No
134,No
151,No
130,No
153,No
158,No
143,No
155,No
118,No
145,No
165,Yes
170,Yes
153,No
148,No
159,No
126,No
135,No
158,No
149,No
173,Yes
144,No
113,No
170,Yes
138,No
139,No
108,Yes
113,No
107,Yes
122,No
179,Yes
108,Yes
106,Yes
171,Yes
166,Yes
160,No
116,No
156,No
123,No
124,No
104,Yes
149,No
130,No
154,No
125,No
120,No
157,No
123,No
127,No
129,No
133,No
153,No
151,No
107,Yes
109,Yes
154,No
100,Yes
136,No
120,No
103,Yes
142,No
165,Yes
120,No
136,No
168,Yes
147,No
110,No
143,No
163,Yes
131,No
120,No
170,Yes
109,Yes
160,No
135,No
176,Yes
118,No
174,Yes
143,No
103,Yes
112,No
158,No
101,Yes
100,Yes
139,No
124,No
158,No
136,No
169,Yes
106,Yes
103,Yes
140,No
160,No
133,No
128,No
168,Yes
126,No
151,No
173,Yes
153,No
169,Yes
133,No
107,Yes
172,Yes
107,Yes
167,Yes
167,Yes
171,Yes
100,Yes
105,Yes
130,No
173,Yes
107,Yes
121,No
108,Yes
143,No
146,No
100,Yes
151,No
138,No
174,Yes
126,No
178,Yes
132,No
170,Yes
144,No
159,No
157,No
150,No
145,No
104,Yes
157,No
117,No
135,No
166,Yes
120,No
145,No
157,No
179,Yes
136,No
162,Yes
104,Yes
177,Yes
130,No
135,No
173,Yes
155,No
126,No
122,No
176,Yes
179,Yes
151,No
146,No
161,Yes
160,No
147,No
100,Yes
110,No
175,Yes
113,No
171,Yes
106,Yes
145,No
130,No
115,No
141,No
138,No
153,No
143,No
107,Yes
165,Yes
141,No
166,Yes
178,Yes
131,No
150,No
146,No
133,No
112,No
166,Yes
172,Yes
110,No
127,No
156,No
165,Yes
164,Yes
169,Yes
134,No
179,Yes
103,Yes
160,No
137,No
143,No
170,Yes
120,No
106,Yes
128,No
106,Yes
166,Yes
169,Yes
173,Yes
154,No
177,Yes
121,No
131,No
135,No
108,Yes
125,No
121,No
145,No
116,No
125,No
137,No
101,Yes
105,Yes
170,Yes
112,No
174,Yes
154,No
178,Yes
162,Yes
172,Yes
171,Yes
145,No
105,Yes
147,No
159,No
142,No
167,Yes
110,No
157,No
103,Yes
178,Yes
169,Yes
158,No
104,Yes
117,No
169,Yes
163,Yes
124,No
103,Yes
169,Yes
140,No
136,No
158,No
149,No
155,No
124,No
133,No
118,No
178,Yes
107,Yes
153,No
146,No
133,No
129,No
112,No
146,No
132,No
134,No
125,No
146,No
152,No
164,Yes
176,Yes
173,Yes
118,No
104,Yes
107,Yes
103,Yes
148,No
176,Yes
137,No
148,No
151,No
149,No
171,Yes
149,No
129,No
103,Yes
174,Yes
165,Yes
120,No
